{"name":"RepeatIntent","identifier":"2IOPW03Y1W","description":null,"parentIntentSignature":"AMAZON.RepeatIntent","sampleUtterances":null,"intentConfirmationSetting":null,"intentClosingSetting":null,"initialResponseSetting":{"initialResponse":null,"codeHook":{"isActive":true,"enableCodeHookInvocation":true,"invocationLabel":null,"postCodeHookSpecification":{"failureResponse":null,"failureNextStep":{"dialogAction":{"type":"EndConversation","slotToElicit":null,"suppressNextMessage":null},"sessionAttributes":null,"intent":{"name":null,"slots":null}},"failureConditional":null,"successNextStep":{"dialogAction":{"type":"EndConversation","slotToElicit":null,"suppressNextMessage":null},"sessionAttributes":null,"intent":{"name":null,"slots":null}},"successResponse":null,"timeoutResponse":null,"timeoutNextStep":{"dialogAction":{"type":"EndConversation","slotToElicit":null,"suppressNextMessage":null},"sessionAttributes":null,"intent":{"name":null,"slots":null}},"timeoutConditional":null,"successConditional":null}},"conditional":null,"nextStep":{"dialogAction":{"type":"InvokeDialogCodeHook","slotToElicit":null,"suppressNextMessage":null},"sessionAttributes":null,"intent":{"name":null,"slots":null}}},"inputContexts":null,"outputContexts":null,"kendraConfiguration":null,"dialogCodeHook":{"enabled":true},"fulfillmentCodeHook":null,"slotPriorities":[]}